"","Var1","Var2","value"
"1",NA,1,"Абзелиловский район"
"2",1999,1,"  0.191"
"3",2000,1,"  0.134"
"4",2001,1," 0.155"
"5",2002,1,"  0.163"
"6",2003,1,"  0.143"
"7",2004,1,"  0.100"
"8",2005,1,"  0.150"
"9",2006,1,"  0.128"
"10",2007,1,"  0.124"
"11",2008,1,"  0.124"
"12",2009,1,"  0.175"
"13",2010,1,"  0.245"
"14",2011,1,"  0.254"
"15",2012,1,"  0.130"
"16",2013,1,"  0.171"
"17",NA,1,NA
"18",NA,2,"Альшеевский р-он"
"19",1999,2,"  1.021"
"20",2000,2,"  1.000"
"21",2001,2," 0.898"
"22",2002,2,"  0.975"
"23",2003,2,"  0.954"
"24",2004,2,"  0.907"
"25",2005,2,"  0.662"
"26",2006,2,"  0.728"
"27",2007,2,"  0.745"
"28",2008,2,"  0.709"
"29",2009,2,"  0.780"
"30",2010,2,"  0.623"
"31",2011,2,"  0.770"
"32",2012,2,"  1.237"
"33",2013,2,"  1.445"
"34",NA,2,NA
"35",NA,3,"Архангельский р-он"
"36",1999,3,"  0.047"
"37",2000,3,"  0.022"
"38",2001,3," 0.051"
"39",2002,3,"  0.064"
"40",2003,3,"  0.056"
"41",2004,3,"  0.092"
"42",2005,3,"  0.076"
"43",2006,3,"  0.080"
"44",2007,3,"  0.105"
"45",2008,3,"  0.105"
"46",2009,3,"  0.131"
"47",2010,3,"  0.132"
"48",2011,3,"  0.138"
"49",2012,3,"  0.239"
"50",2013,3,"  0.436"
"51",NA,3,NA
"52",NA,4,"Аскинский р-он"
"53",1999,4,NA
"54",2000,4,NA
"55",2001,4," 0.063"
"56",2002,4,"  0.065"
"57",2003,4,"  0.061"
"58",2004,4,"  0.051"
"59",2005,4,"  0.065"
"60",2006,4,"  0.157"
"61",2007,4,"  0.119"
"62",2008,4,"  0.099"
"63",2009,4,"  0.343"
"64",2010,4,"  0.458"
"65",2011,4,"  0.543"
"66",2012,4,"  1.582"
"67",2013,4,"  0.616"
"68",NA,4,NA
"69",NA,5,"Аургазинский р-он"
"70",1999,5,NA
"71",2000,5,NA
"72",2001,5," 0.217"
"73",2002,5,"  0.197"
"74",2003,5,"  0.193"
"75",2004,5,"  0.180"
"76",2005,5,"  0.686"
"77",2006,5,"  0.623"
"78",2007,5,"  0.574"
"79",2008,5,"  0.560"
"80",2009,5,"  1.015"
"81",2010,5,"  1.069"
"82",2011,5,"  1.028"
"83",2012,5,"  1.420"
"84",2013,5,"  1.891"
"85",NA,5,NA
"86",NA,6,"Баймакский р-он"
"87",1999,6,NA
"88",2000,6,NA
"89",2001,6,NA
"90",2002,6,NA
"91",2003,6,NA
"92",2004,6,NA
"93",2005,6,"  0.068"
"94",2006,6,NA
"95",2007,6,"  0.083"
"96",2008,6,NA
"97",2009,6,NA
"98",2010,6,NA
"99",2011,6,NA
"100",2012,6,NA
"101",2013,6,NA
"102",NA,6,NA
"103",NA,7,"Бакалинский р-он"
"104",1999,7,"  0.184"
"105",2000,7,"  0.302"
"106",2001,7," 0.300"
"107",2002,7,"  0.176"
"108",2003,7,"  0.197"
"109",2004,7,"  0.110"
"110",2005,7,"  0.092"
"111",2006,7,"  0.069"
"112",2007,7,"  0.108"
"113",2008,7,"  0.103"
"114",2009,7,"  0.101"
"115",2010,7,"  0.091"
"116",2011,7,"  0.083"
"117",2012,7,"  0.167"
"118",2013,7,"  0.314"
"119",NA,7,NA
"120",NA,8,"Балтачевский р-он"
"121",1999,8,NA
"122",2000,8,NA
"123",2001,8," 0.182"
"124",2002,8,"  0.110"
"125",2003,8,"  0.069"
"126",2004,8,"  0.085"
"127",2005,8,"  0.066"
"128",2006,8,"  0.041"
"129",2007,8,"  0.053"
"130",2008,8,"  0.045"
"131",2009,8,"  0.039"
"132",2010,8,"  0.044"
"133",2011,8,"  0.040"
"134",2012,8,"  0.348"
"135",2013,8,"  0.519"
"136",NA,8,NA
"137",NA,9,"Белебеевский р-он"
"138",1999,9,"  0.774"
"139",2000,9,"  0.824"
"140",2001,9," 1.058"
"141",2002,9,"  1.145"
"142",2003,9,"  1.567"
"143",2004,9,"  1.452"
"144",2005,9,"  0.761"
"145",2006,9,"  2.813"
"146",2007,9,"  3.573"
"147",2008,9,"  3.626"
"148",2009,9,"  4.133"
"149",2010,9,"  3.858"
"150",2011,9,"  4.238"
"151",2012,9,"  3.118"
"152",2013,9,"  3.537"
"153",NA,9,NA
"154",NA,10,"Белокатайский р-он"
"155",1999,10,"  0.531"
"156",2000,10,"  0.573"
"157",2001,10," 1.522"
"158",2002,10,"  0.414"
"159",2003,10,"  0.655"
"160",2004,10,"  4.621"
"161",2005,10,"  4.383"
"162",2006,10,"  2.738"
"163",2007,10,"  4.274"
"164",2008,10,"  4.274"
"165",2009,10,"  2.744"
"166",2010,10,"  5.289"
"167",2011,10,"  3.894"
"168",2012,10,"  0.306"
"169",2013,10,"  2.088"
"170",NA,10,NA
"171",NA,11,"Белорецкий р-он"
"172",1999,11,"  0.930"
"173",2000,11,"  0.968"
"174",2001,11," 1.109"
"175",2002,11,"  1.887"
"176",2003,11,"  1.105"
"177",2004,11,"  0.921"
"178",2005,11,"  0.627"
"179",2006,11,"  0.976"
"180",2007,11,"  1.475"
"181",2008,11,"  1.536"
"182",2009,11,"  0.595"
"183",2010,11,"  1.312"
"184",2011,11,"  0.334"
"185",2012,11,"  0.425"
"186",2013,11,"  0.401"
"187",NA,11,NA
"188",NA,12,"Бижбулякский р-он"
"189",1999,12,"  3.199"
"190",2000,12,"  1.723"
"191",2001,12," 1.671"
"192",2002,12,"  2.479"
"193",2003,12,"  1.418"
"194",2004,12,"  1.061"
"195",2005,12,"  0.890"
"196",2006,12,"  1.000"
"197",2007,12,"  0.945"
"198",2008,12,"  0.945"
"199",2009,12,"  1.025"
"200",2010,12,"  1.354"
"201",2011,12,"  1.431"
"202",2012,12,"  1.968"
"203",2013,12,"  2.391"
"204",NA,12,NA
"205",NA,13,"Бирский р-он"
"206",1999,13,NA
"207",2000,13,NA
"208",2001,13," 0.576"
"209",2002,13,"  0.557"
"210",2003,13,"  0.434"
"211",2004,13,"  0.326"
"212",2005,13,"  0.059"
"213",2006,13,"  0.053"
"214",2007,13,"  0.047"
"215",2008,13,"  0.042"
"216",2009,13,"  0.040"
"217",2010,13,"  0.039"
"218",2011,13,"  0.041"
"219",2012,13,"  0.180"
"220",2013,13,"  0.124"
"221",NA,13,NA
"222",NA,14,"Благоварский р-он"
"223",1999,14,"  0.964"
"224",2000,14,"  0.622"
"225",2001,14," 0.731"
"226",2002,14,"  0.711"
"227",2003,14,"  0.693"
"228",2004,14,"  0.586"
"229",2005,14,"  0.477"
"230",2006,14,"  0.494"
"231",2007,14,"  0.446"
"232",2008,14,"  0.429"
"233",2009,14,"  0.511"
"234",2010,14,"  0.470"
"235",2011,14,"  0.455"
"236",2012,14,"  0.500"
"237",2013,14,"  1.042"
"238",NA,14,NA
"239",NA,15,"Благовещенский р-он"
"240",1999,15,"  0.249"
"241",2000,15,"  0.112"
"242",2001,15," 0.155"
"243",2002,15,"  0.094"
"244",2003,15,"  0.083"
"245",2004,15,"  0.070"
"246",2005,15," 17.042"
"247",2006,15," 19.226"
"248",2007,15," 21.476"
"249",2008,15," 21.470"
"250",2009,15," 25.946"
"251",2010,15," 26.283"
"252",2011,15," 25.968"
"253",2012,15," 25.577"
"254",2013,15," 18.786"
"255",NA,15,NA
"256",NA,16,"Буздяксвкий р-он"
"257",1999,16,NA
"258",2000,16,NA
"259",2001,16," 0.705"
"260",2002,16,"  0.614"
"261",2003,16,"  0.591"
"262",2004,16,"  0.555"
"263",2005,16,"  0.517"
"264",2006,16,"  0.523"
"265",2007,16,"  0.527"
"266",2008,16,"  0.526"
"267",2009,16,"  0.186"
"268",2010,16,"  0.179"
"269",2011,16,"  0.238"
"270",2012,16,"  0.388"
"271",2013,16,"  0.334"
"272",NA,16,NA
"273",NA,17,"Бураевский р-он"
"274",1999,17,NA
"275",2000,17,NA
"276",2001,17," 0.058"
"277",2002,17,"  0.044"
"278",2003,17,"  0.038"
"279",2004,17,"  0.055"
"280",2005,17,"  0.033"
"281",2006,17,"  0.054"
"282",2007,17,"  0.054"
"283",2008,17,"  0.054"
"284",2009,17,"  0.243"
"285",2010,17,"  0.242"
"286",2011,17,"  0.173"
"287",2012,17,"  0.179"
"288",2013,17,"  0.246"
"289",NA,17,NA
"290",NA,18,"Бурзянский район"
"291",1999,18,NA
"292",2000,18,NA
"293",2001,18,NA
"294",2002,18,NA
"295",2003,18,NA
"296",2004,18,NA
"297",2005,18,"  0.038"
"298",2006,18,NA
"299",2007,18,NA
"300",2008,18,NA
"301",2009,18,NA
"302",2010,18,NA
"303",2011,18,NA
"304",2012,18,NA
"305",2013,18,NA
"306",NA,18,NA
"307",NA,19,"Гафурийский р-он"
"308",1999,19,"  0.285"
"309",2000,19,"  0.328"
"310",2001,19," 0.451"
"311",2002,19,"  0.398"
"312",2003,19,"  0.394"
"313",2004,19,"  0.377"
"314",2005,19,"  0.420"
"315",2006,19,"  0.331"
"316",2007,19,"  0.313"
"317",2008,19,"  0.305"
"318",2009,19,"  0.319"
"319",2010,19,"  0.336"
"320",2011,19,"  0.298"
"321",2012,19,"  0.274"
"322",2013,19,"  0.265"
"323",NA,19,NA
"324",NA,20,"Давлекановский р-он"
"325",1999,20,NA
"326",2000,20,NA
"327",2001,20," 1.496"
"328",2002,20,"  0.885"
"329",2003,20,"  0.787"
"330",2004,20,NA
"331",2005,20,"  0.639"
"332",2006,20,"  0.219"
"333",2007,20,NA
"334",2008,20,NA
"335",2009,20,NA
"336",2010,20,NA
"337",2011,20,NA
"338",2012,20,NA
"339",2013,20,NA
"340",NA,20,NA
"341",NA,21,"Дуванский р-он"
"342",1999,21,"  0.686"
"343",2000,21,"  0.689"
"344",2001,21," 0.527"
"345",2002,21,"  0.558"
"346",2003,21,"  0.442"
"347",2004,21,"  0.337"
"348",2005,21,"  0.421"
"349",2006,21,"  0.440"
"350",2007,21,"  0.272"
"351",2008,21,"  0.254"
"352",2009,21,"  0.273"
"353",2010,21,"  0.228"
"354",2011,21,"  0.266"
"355",2012,21,"  0.549"
"356",2013,21,"  3.317"
"357",NA,21,NA
"358",NA,22,"Дюртюлинский р-он"
"359",1999,22," 12.162"
"360",2000,22," 12.518"
"361",2001,22," 6.535"
"362",2002,22,"  8.386"
"363",2003,22,"  7.001"
"364",2004,22,"  8.943"
"365",2005,22,"  7.750"
"366",2006,22,"  7.617"
"367",2007,22," 12.104"
"368",2008,22," 12.314"
"369",2009,22," 12.537"
"370",2010,22,"  9.771"
"371",2011,22," 11.560"
"372",2012,22," 11.307"
"373",2013,22," 18.835"
"374",NA,22,NA
"375",NA,23,"Ермекеевский  р-он"
"376",1999,23,"  0.171"
"377",2000,23,"  0.158"
"378",2001,23," 0.140"
"379",2002,23,"  0.203"
"380",2003,23,"  0.227"
"381",2004,23,"  0.229"
"382",2005,23,"  0.236"
"383",2006,23,"  0.267"
"384",2007,23,"  0.289"
"385",2008,23,"  0.289"
"386",2009,23,"  0.263"
"387",2010,23,"  0.210"
"388",2011,23,"  0.576"
"389",2012,23,"  0.716"
"390",2013,23,"  0.402"
"391",NA,23,NA
"392",NA,24,"Зианчуринский о-он"
"393",1999,24,"  0.103"
"394",2000,24,"  0.105"
"395",2001,24,NA
"396",2002,24,NA
"397",2003,24,NA
"398",2004,24,NA
"399",2005,24,"  0.058"
"400",2006,24,NA
"401",2007,24,"  0.096"
"402",2008,24,"  0.096"
"403",2009,24,"  0.086"
"404",2010,24,"  0.030"
"405",2011,24,"  0.027"
"406",2012,24,"  0.034"
"407",2013,24,"  0.028"
"408",NA,24,NA
"409",NA,25,"Зилаирский район"
"410",1999,25,NA
"411",2000,25,NA
"412",2001,25,NA
"413",2002,25,NA
"414",2003,25,NA
"415",2004,25,NA
"416",2005,25,"  0.048"
"417",2006,25,NA
"418",2007,25,NA
"419",2008,25,NA
"420",2009,25,NA
"421",2010,25,NA
"422",2011,25,NA
"423",2012,25,NA
"424",2013,25,"  0.037"
"425",NA,25,NA
"426",NA,26,"Иглинский р-он"
"427",1999,26,"  0.499"
"428",2000,26,"  0.494"
"429",2001,26," 0.422"
"430",2002,26,"  0.332"
"431",2003,26,"  0.286"
"432",2004,26,"  0.145"
"433",2005,26,"  0.914"
"434",2006,26,"  1.075"
"435",2007,26,"  1.070"
"436",2008,26,"  1.065"
"437",2009,26,"  1.867"
"438",2010,26,"  1.859"
"439",2011,26,"  1.664"
"440",2012,26,"  1.578"
"441",2013,26,"  2.070"
"442",NA,26,NA
"443",NA,27,"Илишевский р-он"
"444",1999,27,"  0.156"
"445",2000,27,"  0.200"
"446",2001,27," 0.252"
"447",2002,27,"  0.233"
"448",2003,27,"  0.214"
"449",2004,27,"  0.215"
"450",2005,27,"  0.199"
"451",2006,27,"  1.489"
"452",2007,27,"  1.505"
"453",2008,27,"  1.505"
"454",2009,27,"  2.269"
"455",2010,27,"  2.295"
"456",2011,27,"  3.589"
"457",2012,27,"  6.203"
"458",2013,27,"  6.705"
"459",NA,27,NA
"460",NA,28,"Ишимбайский район"
"461",1999,28,NA
"462",2000,28,NA
"463",2001,28,NA
"464",2002,28,NA
"465",2003,28,NA
"466",2004,28,NA
"467",2005,28,"  0.224"
"468",2006,28,NA
"469",2007,28,NA
"470",2008,28,"  0.141"
"471",2009,28,"  0.299"
"472",2010,28,"  0.308"
"473",2011,28,"  0.222"
"474",2012,28,"  0.262"
"475",2013,28,"  0.278"
"476",NA,28,NA
"477",NA,29,"Калтасинский  р-он"
"478",1999,29,"  0.512"
"479",2000,29,"  0.559"
"480",2001,29," 0.972"
"481",2002,29,"  0.707"
"482",2003,29,"  0.664"
"483",2004,29,"  0.660"
"484",2005,29,"  0.641"
"485",2006,29,"  1.072"
"486",2007,29,"  1.705"
"487",2008,29,"  2.433"
"488",2009,29,"  1.671"
"489",2010,29,"  1.812"
"490",2011,29,"  2.010"
"491",2012,29,"  2.727"
"492",2013,29,"  3.743"
"493",NA,29,NA
"494",NA,30,"Караидельский р-он"
"495",1999,30,NA
"496",2000,30,NA
"497",2001,30," 0.258"
"498",2002,30,"  0.163"
"499",2003,30,"  0.146"
"500",2004,30,"  0.121"
"501",2005,30,"  0.121"
"502",2006,30,"  0.117"
"503",2007,30,"  0.120"
"504",2008,30,"  0.120"
"505",2009,30,"  0.110"
"506",2010,30,"  0.101"
"507",2011,30,"  0.100"
"508",2012,30,"  0.035"
"509",2013,30,"  0.058"
"510",NA,30,NA
"511",NA,31,"Кармаскалинский р-он"
"512",1999,31,"  2.795"
"513",2000,31,"  3.974"
"514",2001,31," 1.478"
"515",2002,31,"  1.409"
"516",2003,31,"  1.396"
"517",2004,31,"  1.969"
"518",2005,31,"  2.105"
"519",2006,31,"  2.209"
"520",2007,31,"  2.618"
"521",2008,31,"  2.618"
"522",2009,31,"  6.402"
"523",2010,31,"  6.115"
"524",2011,31,"  4.960"
"525",2012,31,"  1.430"
"526",2013,31,"  6.831"
"527",NA,31,NA
"528",NA,32,"Кигинский р-он"
"529",1999,32,"  0.061"
"530",2000,32,"  0.060"
"531",2001,32," 0.077"
"532",2002,32,"  0.104"
"533",2003,32,NA
"534",2004,32,"  0.107"
"535",2005,32,"  0.124"
"536",2006,32,"  0.084"
"537",2007,32,"  0.051"
"538",2008,32,"  0.013"
"539",2009,32,"  0.044"
"540",2010,32,"  0.041"
"541",2011,32,NA
"542",2012,32,"  0.037"
"543",2013,32,NA
"544",NA,32,NA
"545",NA,33,"Краснокамский р-он"
"546",1999,33,"  7.719"
"547",2000,33,"  4.545"
"548",2001,33," 1.762"
"549",2002,33,"  1.752"
"550",2003,33,"  1.734"
"551",2004,33,"  1.660"
"552",2005,33,"  1.641"
"553",2006,33,"  2.009"
"554",2007,33,"  1.944"
"555",2008,33,"  1.220"
"556",2009,33,"  3.540"
"557",2010,33,"  4.100"
"558",2011,33,"  6.154"
"559",2012,33,"  8.839"
"560",2013,33,"  7.580"
"561",NA,33,NA
"562",NA,34,"Кугарчинский р-он"
"563",1999,34,NA
"564",2000,34,NA
"565",2001,34,NA
"566",2002,34,NA
"567",2003,34,NA
"568",2004,34,"  0.072"
"569",2005,34,"  0.133"
"570",2006,34,"  0.174"
"571",2007,34,"  0.156"
"572",2008,34,"  0.155"
"573",2009,34,"  0.072"
"574",2010,34,"  0.048"
"575",2011,34,"  0.109"
"576",2012,34,"  0.077"
"577",2013,34,"  0.091"
"578",NA,34,NA
"579",NA,35,"Кумертауский р-он"
"580",1999,35,NA
"581",2000,35,NA
"582",2001,35," 9.131"
"583",2002,35,"  3.873"
"584",2003,35,"  4.235"
"585",2004,35," 13.455"
"586",2005,35," 16.664"
"587",2006,35," 15.036"
"588",2007,35,"  4.797"
"589",2008,35,"  4.797"
"590",2009,35,"  8.514"
"591",2010,35,"  6.261"
"592",2011,35,"  4.846"
"593",2012,35,"  4.683"
"594",2013,35,"  3.991"
"595",NA,35,NA
"596",NA,36,"Кушнаренковский р-он"
"597",1999,36,"  0.118"
"598",2000,36,"  0.095"
"599",2001,36," 0.138"
"600",2002,36,"  0.116"
"601",2003,36,"  0.090"
"602",2004,36,"  0.087"
"603",2005,36,"  0.386"
"604",2006,36,"  0.544"
"605",2007,36,"  0.502"
"606",2008,36,"  0.502"
"607",2009,36,"  1.207"
"608",2010,36,"  1.212"
"609",2011,36,"  1.758"
"610",2012,36,"  3.277"
"611",2013,36,"  3.903"
"612",NA,36,NA
"613",NA,37,"Мелеузовский р-он"
"614",1999,37,NA
"615",2000,37,NA
"616",2001,37," 2.252"
"617",2002,37,"  2.272"
"618",2003,37,"  3.138"
"619",2004,37,"  2.921"
"620",2005,37,"  2.324"
"621",2006,37,NA
"622",2007,37,"  3.314"
"623",2008,37,NA
"624",2009,37,"  4.007"
"625",2010,37,"  3.785"
"626",2011,37,"  3.898"
"627",2012,37,"  4.850"
"628",2013,37,"  5.261"
"629",NA,37,NA
"630",NA,38,"Мечетлинский р-он"
"631",1999,38,"  0.155"
"632",2000,38,"  0.214"
"633",2001,38," 0.165"
"634",2002,38,"  0.166"
"635",2003,38,"  0.110"
"636",2004,38,"  0.122"
"637",2005,38,"  0.482"
"638",2006,38,"  0.470"
"639",2007,38,"  0.510"
"640",2008,38,"  0.510"
"641",2009,38,"  0.097"
"642",2010,38,"  0.106"
"643",2011,38,"  0.123"
"644",2012,38,"  0.071"
"645",2013,38,"  0.058"
"646",NA,38,NA
"647",NA,39,"Мишкинский р-он"
"648",1999,39,"  0.050"
"649",2000,39,"  0.051"
"650",2001,39," 0.048"
"651",2002,39,"  0.030"
"652",2003,39,"  0.030"
"653",2004,39,"  0.033"
"654",2005,39,"  0.030"
"655",2006,39,"  0.031"
"656",2007,39,"  0.032"
"657",2008,39,"  0.032"
"658",2009,39,"  0.028"
"659",2010,39,"  0.022"
"660",2011,39,"  0.023"
"661",2012,39,"  0.054"
"662",2013,39,"  0.027"
"663",NA,39,NA
"664",NA,40,"Миякинский р-он"
"665",1999,40,"  0.214"
"666",2000,40,"  0.212"
"667",2001,40," 0.218"
"668",2002,40,"  0.188"
"669",2003,40,"  0.222"
"670",2004,40,"  0.213"
"671",2005,40,"  0.314"
"672",2006,40,"  0.422"
"673",2007,40,"  0.329"
"674",2008,40,"  0.329"
"675",2009,40,"  0.296"
"676",2010,40,"  0.225"
"677",2011,40,"  0.243"
"678",2012,40,"  0.580"
"679",2013,40,"  0.407"
"680",NA,40,NA
"681",NA,41,"Нуримановский р-он"
"682",1999,41," 16.918"
"683",2000,41," 13.499"
"684",2001,41,"14.649"
"685",2002,41," 12.326"
"686",2003,41," 19.897"
"687",2004,41," 23.478"
"688",2005,41,"  0.134"
"689",2006,41,"  0.090"
"690",2007,41,"  0.088"
"691",2008,41,"  0.088"
"692",2009,41,"  0.090"
"693",2010,41,"  0.068"
"694",2011,41,"  0.121"
"695",2012,41,"  0.032"
"696",2013,41,"  0.237"
"697",NA,41,NA
"698",NA,42,"Салаватский р-он"
"699",1999,42,"  0.622"
"700",2000,42,"  1.169"
"701",2001,42," 0.706"
"702",2002,42,"  0.898"
"703",2003,42,"  1.234"
"704",2004,42,"  1.179"
"705",2005,42,"  5.413"
"706",2006,42,"  3.171"
"707",2007,42,"  4.971"
"708",2008,42,"  4.971"
"709",2009,42,"  3.444"
"710",2010,42,"  4.696"
"711",2011,42,"  5.623"
"712",2012,42,"  5.061"
"713",2013,42,"  2.987"
"714",NA,42,NA
"715",NA,43,"Стерлибашевский р-он"
"716",1999,43,NA
"717",2000,43,NA
"718",2001,43,NA
"719",2002,43,NA
"720",2003,43,NA
"721",2004,43,NA
"722",2005,43,"  0.163"
"723",2006,43,NA
"724",2007,43,"  0.107"
"725",2008,43,"  0.107"
"726",2009,43,"  0.269"
"727",2010,43,"  0.243"
"728",2011,43,"  0.157"
"729",2012,43,"  0.136"
"730",2013,43,"  0.139"
"731",NA,43,NA
"732",NA,44,"Стерлитамакский р-он"
"733",1999,44,"  4.053"
"734",2000,44,"  5.351"
"735",2001,44," 5.190"
"736",2002,44,"  4.579"
"737",2003,44,"  4.667"
"738",2004,44,"  1.786"
"739",2005,44,"  0.439"
"740",2006,44,"  0.277"
"741",2007,44,"  0.293"
"742",2008,44,"  0.219"
"743",2009,44,"  0.501"
"744",2010,44,"  0.502"
"745",2011,44,"  0.558"
"746",2012,44,"  0.698"
"747",2013,44,"  0.601"
"748",NA,44,NA
"749",NA,45,"Татышлинский р-он"
"750",1999,45,NA
"751",2000,45,NA
"752",2001,45," 0.079"
"753",2002,45,"  0.079"
"754",2003,45,"  0.135"
"755",2004,45,"  0.179"
"756",2005,45,"  0.180"
"757",2006,45,"  0.333"
"758",2007,45,"  0.347"
"759",2008,45,"  0.347"
"760",2009,45,"  0.914"
"761",2010,45,"  0.966"
"762",2011,45,"  1.279"
"763",2012,45,"  3.104"
"764",2013,45,"  2.920"
"765",NA,45,NA
"766",NA,46,"Туймазинский р-он"
"767",1999,46,"  8.938"
"768",2000,46,"  8.103"
"769",2001,46," 6.845"
"770",2002,46,"  4.383"
"771",2003,46,"  3.951"
"772",2004,46,"  3.887"
"773",2005,46,"  3.894"
"774",2006,46,"  4.396"
"775",2007,46,"  4.273"
"776",2008,46,"  4.015"
"777",2009,46,"  2.372"
"778",2010,46,"  2.342"
"779",2011,46,"  2.379"
"780",2012,46,"  1.788"
"781",2013,46,"  3.520"
"782",NA,46,NA
"783",NA,47,"Уфимский р-он"
"784",1999,47,"  8.769"
"785",2000,47,"  9.002"
"786",2001,47," 3.033"
"787",2002,47,"  3.469"
"788",2003,47,"  3.798"
"789",2004,47,"  7.746"
"790",2005,47,"  5.018"
"791",2006,47,"  4.828"
"792",2007,47,"  2.366"
"793",2008,47,"  4.634"
"794",2009,47,"  5.960"
"795",2010,47,"  6.024"
"796",2011,47,"  6.135"
"797",2012,47,"  3.932"
"798",2013,47,"  4.543"
"799",NA,47,NA
"800",NA,48,"Учалинский р-он"
"801",1999,48,"  0.171"
"802",2000,48,"  0.181"
"803",2001,48," 0.213"
"804",2002,48,"  0.047"
"805",2003,48,"  0.050"
"806",2004,48,"  0.063"
"807",2005,48,"  0.150"
"808",2006,48,NA
"809",2007,48,"  0.232"
"810",2008,48,"  0.294"
"811",2009,48,"  0.618"
"812",2010,48,"  0.386"
"813",2011,48,"  0.468"
"814",2012,48,"  0.789"
"815",2013,48,"  0.789"
"816",NA,48,NA
"817",NA,49,"Хайбулинский р-он"
"818",1999,49,NA
"819",2000,49,NA
"820",2001,49,NA
"821",2002,49,"  0.086"
"822",2003,49,"  0.086"
"823",2004,49,NA
"824",2005,49,"  0.155"
"825",2006,49,"  0.106"
"826",2007,49,"  0.100"
"827",2008,49,NA
"828",2009,49,"  0.969"
"829",2010,49,"  1.066"
"830",2011,49,"  1.112"
"831",2012,49,"  0.715"
"832",2013,49,"  0.934"
"833",NA,49,NA
"834",NA,50,"Федоровский р-он"
"835",1999,50,NA
"836",2000,50,NA
"837",2001,50," 0.086"
"838",2002,50,NA
"839",2003,50,"  0.081"
"840",2004,50,"  0.205"
"841",2005,50,"  0.063"
"842",2006,50,NA
"843",2007,50,NA
"844",2008,50,"  1.892"
"845",2009,50,"  0.776"
"846",2010,50,"  1.348"
"847",2011,50,"  0.592"
"848",2012,50,"  1.665"
"849",2013,50,"  0.078"
"850",NA,50,NA
"851",NA,51,"Чекмагушевский р-он"
"852",1999,51,"  0.315"
"853",2000,51,"  0.290"
"854",2001,51," 0.119"
"855",2002,51,"  0.879"
"856",2003,51,"  0.882"
"857",2004,51,"  0.856"
"858",2005,51,"  0.806"
"859",2006,51,"  0.294"
"860",2007,51,"  0.313"
"861",2008,51,"  0.312"
"862",2009,51,"  0.538"
"863",2010,51,"  0.537"
"864",2011,51,"  1.155"
"865",2012,51,"  1.044"
"866",2013,51,"  1.154"
"867",NA,51,NA
"868",NA,52,"Чишминский р-он"
"869",1999,52,"  0.795"
"870",2000,52,"  0.818"
"871",2001,52," 0.861"
"872",2002,52,"  0.829"
"873",2003,52,"  0.782"
"874",2004,52,"  0.710"
"875",2005,52,"  2.063"
"876",2006,52,"  2.006"
"877",2007,52,"  2.011"
"878",2008,52,"  2.004"
"879",2009,52,"  0.756"
"880",2010,52,"  0.622"
"881",2011,52,"  1.031"
"882",2012,52,"  0.533"
"883",2013,52,"  3.172"
"884",NA,52,NA
"885",NA,53,"Шаранский р-он"
"886",1999,53,"  4.237"
"887",2000,53,"  4.985"
"888",2001,53," 3.542"
"889",2002,53,"  3.759"
"890",2003,53,"  3.857"
"891",2004,53,"  3.544"
"892",2005,53,"  5.143"
"893",2006,53," 10.583"
"894",2007,53," 10.639"
"895",2008,53," 10.599"
"896",2009,53," 11.985"
"897",2010,53," 13.891"
"898",2011,53," 24.550"
"899",2012,53,"  9.162"
"900",2013,53," 10.428"
"901",NA,53,NA
"902",NA,54,"Янаульский район"
"903",1999,54,NA
"904",2000,54,NA
"905",2001,54,NA
"906",2002,54,NA
"907",2003,54,NA
"908",2004,54,NA
"909",2005,54," 16.759"
"910",2006,54,NA
"911",2007,54,NA
"912",2008,54,NA
"913",2009,54,NA
"914",2010,54,NA
"915",2011,54,NA
"916",2012,54,NA
"917",2013,54,NA
"918",NA,54,NA
"919",NA,55,"Уфа"
"920",1999,55,"190.773"
"921",2000,55,"193.938"
"922",2001,55,NA
"923",2002,55,"175.876"
"924",2003,55,"192.413"
"925",2004,55,"158.119"
"926",2005,55,"157.304"
"927",2006,55,"153.048"
"928",2007,55,"154.133"
"929",2008,55,"150.909"
"930",2009,55,"141.579"
"931",2010,55,"134.092"
"932",2011,55,"132.212"
"933",2012,55,"134.407"
"934",2013,55,"146.637"
"935",NA,55,NA
"936",NA,56,"Агидель"
"937",1999,56,"  1.098"
"938",2000,56,"  2.144"
"939",2001,56," 2.436"
"940",2002,56,"  2.264"
"941",2003,56,"  2.030"
"942",2004,56,"  0.228"
"943",2005,56,"  0.217"
"944",2006,56,"  0.151"
"945",2007,56,"  0.131"
"946",2008,56,"  0.189"
"947",2009,56,"  0.113"
"948",2010,56,"  0.173"
"949",2011,56,"  0.124"
"950",2012,56,"  0.363"
"951",2013,56,"  0.374"
"952",NA,56,NA
"953",NA,57,"Баймак"
"954",1999,57,"  0.577"
"955",2000,57,"  0.297"
"956",2001,57," 0.326"
"957",2002,57,"  0.148"
"958",2003,57,"  0.192"
"959",2004,57,"  0.162"
"960",2005,57,"  0.142"
"961",2006,57,"  0.120"
"962",2007,57,"  0.099"
"963",2008,57,"  0.092"
"964",2009,57,"  0.100"
"965",2010,57,"  0.084"
"966",2011,57,"  0.181"
"967",2012,57,"  0.085"
"968",2013,57,"  0.076"
"969",NA,57,NA
"970",NA,58,"г.Белебей"
"971",1999,58,"  1.992"
"972",2000,58,"  2.206"
"973",2001,58," 2.123"
"974",2002,58,"  2.303"
"975",2003,58,"  2.042"
"976",2004,58,"  1.672"
"977",2005,58,"  2.468"
"978",2006,58,"  1.465"
"979",2007,58,"  1.327"
"980",2008,58,"  1.185"
"981",2009,58,"  1.033"
"982",2010,58,"  0.895"
"983",2011,58,"  0.948"
"984",2012,58,"  5.476"
"985",2013,58,"  6.989"
"986",NA,58,NA
"987",NA,59,"Белорецк"
"988",1999,59,"  6.488"
"989",2000,59,"  5.174"
"990",2001,59," 5.083"
"991",2002,59,"  3.564"
"992",2003,59,"  2.887"
"993",2004,59,"  2.810"
"994",2005,59,"  2.724"
"995",2006,59,"  2.064"
"996",2007,59,"  2.296"
"997",2008,59,"  2.212"
"998",2009,59,"  1.863"
"999",2010,59,"  3.179"
"1000",2011,59,"  2.375"
"1001",2012,59,"  2.814"
"1002",2013,59,"  2.956"
"1003",NA,59,NA
"1004",NA,60,"Бирск"
"1005",1999,60,"  0.625"
"1006",2000,60,"  0.607"
"1007",2001,60," 0.676"
"1008",2002,60,"  0.659"
"1009",2003,60,"  0.519"
"1010",2004,60,"  0.484"
"1011",2005,60,"  0.298"
"1012",2006,60,"  0.232"
"1013",2007,60,"  0.230"
"1014",2008,60,"  0.231"
"1015",2009,60,"  0.246"
"1016",2010,60,"  0.321"
"1017",2011,60,"  0.338"
"1018",2012,60,"  0.313"
"1019",2013,60,"  2.029"
"1020",NA,60,NA
"1021",NA,61,"Благовещенск"
"1022",1999,61,"  5.999"
"1023",2000,61,"  3.406"
"1024",2001,61," 3.675"
"1025",2002,61,"  3.181"
"1026",2003,61,"  3.688"
"1027",2004,61,"  2.767"
"1028",2005,61,"  4.182"
"1029",2006,61,"  3.670"
"1030",2007,61,"  5.468"
"1031",2008,61,"  5.447"
"1032",2009,61,"  4.498"
"1033",2010,61,"  2.707"
"1034",2011,61,"  3.297"
"1035",2012,61,"  3.381"
"1036",2013,61,"  3.856"
"1037",NA,61,NA
"1038",NA,62,"г.Дюртюли"
"1039",1999,62,"  0.418"
"1040",2000,62,"  0.364"
"1041",2001,62," 5.467"
"1042",2002,62,"  3.078"
"1043",2003,62,"  2.647"
"1044",2004,62,"  2.561"
"1045",2005,62,"  2.066"
"1046",2006,62,"  0.637"
"1047",2007,62,"  0.627"
"1048",2008,62,"  0.417"
"1049",2009,62,"  0.536"
"1050",2010,62,"  0.479"
"1051",2011,62,"  1.366"
"1052",2012,62,"  0.702"
"1053",2013,62,"  2.245"
"1054",NA,62,NA
"1055",NA,63,"г.Давлеканово"
"1056",1999,63,"  0.787"
"1057",2000,63,"  0.537"
"1058",2001,63," 0.582"
"1059",2002,63,"  0.492"
"1060",2003,63,"  0.457"
"1061",2004,63,"  0.440"
"1062",2005,63,"  0.264"
"1063",2006,63,"  0.219"
"1064",2007,63,"  0.206"
"1065",2008,63,"  0.130"
"1066",2009,63,"  0.161"
"1067",2010,63,"  0.167"
"1068",2011,63,"  0.161"
"1069",2012,63,"  0.212"
"1070",2013,63,"  2.891"
"1071",NA,63,NA
"1072",NA,64,"Ишимбай"
"1073",1999,64,"  0.848"
"1074",2000,64,"  0.766"
"1075",2001,64," 0.977"
"1076",2002,64,"  0.882"
"1077",2003,64,"  0.790"
"1078",2004,64,"  0.695"
"1079",2005,64,"  0.707"
"1080",2006,64,"  0.503"
"1081",2007,64,"  0.503"
"1082",2008,64,"  0.504"
"1083",2009,64,"  0.629"
"1084",2010,64,"  0.661"
"1085",2011,64,"  0.659"
"1086",2012,64,"  0.719"
"1087",2013,64,"  1.328"
"1088",NA,64,NA
"1089",NA,65,"Кумертау"
"1090",1999,65," 11.986"
"1091",2000,65," 13.275"
"1092",2001,65,"19.347"
"1093",2002,65," 13.629"
"1094",2003,65," 14.368"
"1095",2004,65," 14.857"
"1096",2005,65," 14.762"
"1097",2006,65," 16.863"
"1098",2007,65," 17.548"
"1099",2008,65," 17.548"
"1100",2009,65," 13.163"
"1101",2010,65,"  8.116"
"1102",2011,65,"  7.877"
"1103",2012,65," 13.346"
"1104",2013,65," 17.128"
"1105",NA,65,NA
"1106",NA,66,"Мелеуз"
"1107",1999,66," 10.051"
"1108",2000,66," 12.682"
"1109",2001,66,"10.640"
"1110",2002,66,"  2.570"
"1111",2003,66,"  1.941"
"1112",2004,66,"  2.170"
"1113",2005,66,"  2.638"
"1114",2006,66,"  2.400"
"1115",2007,66,"  2.237"
"1116",2008,66,"  2.233"
"1117",2009,66,"  1.565"
"1118",2010,66,"  2.166"
"1119",2011,66,"  2.591"
"1120",2012,66,"  2.172"
"1121",2013,66,"  3.056"
"1122",NA,66,NA
"1123",NA,67,"Нефтекамск"
"1124",1999,67,"  3.676"
"1125",2000,67,"  3.600"
"1126",2001,67," 4.255"
"1127",2002,67,"  4.789"
"1128",2003,67,"  4.465"
"1129",2004,67,"  4.174"
"1130",2005,67,"  4.094"
"1131",2006,67,"  4.051"
"1132",2007,67," 18.752"
"1133",2008,67," 18.690"
"1134",2009,67,"  8.283"
"1135",2010,67," 12.508"
"1136",2011,67," 12.584"
"1137",2012,67," 11.382"
"1138",2013,67," 10.819"
"1139",NA,67,NA
"1140",NA,68,"г.Октябрьский"
"1141",1999,68,"  1.660"
"1142",2000,68,"  1.512"
"1143",2001,68," 2.071"
"1144",2002,68,"  1.464"
"1145",2003,68,"  1.509"
"1146",2004,68,"  2.097"
"1147",2005,68,"  1.542"
"1148",2006,68,"  1.422"
"1149",2007,68,"  1.278"
"1150",2008,68,"  1.048"
"1151",2009,68,"  1.081"
"1152",2010,68,"  1.163"
"1153",2011,68,"  1.157"
"1154",2012,68,"  1.017"
"1155",2013,68,"  2.963"
"1156",NA,68,NA
"1157",NA,69,"Салават"
"1158",1999,69," 60.574"
"1159",2000,69," 52.313"
"1160",2001,69,"70.832"
"1161",2002,69," 62.649"
"1162",2003,69," 55.968"
"1163",2004,69," 46.568"
"1164",2005,69," 42.488"
"1165",2006,69," 26.183"
"1166",2007,69," 26.998"
"1167",2008,69," 26.869"
"1168",2009,69," 37.520"
"1169",2010,69," 36.505"
"1170",2011,69," 37.956"
"1171",2012,69," 37.245"
"1172",2013,69," 36.162"
"1173",NA,69,NA
"1174",NA,70,"Сибай"
"1175",1999,70,"  3.265"
"1176",2000,70,"  3.049"
"1177",2001,70," 2.905"
"1178",2002,70,"  3.846"
"1179",2003,70,"  2.216"
"1180",2004,70,"  1.258"
"1181",2005,70,"  1.951"
"1182",2006,70,"  2.161"
"1183",2007,70,"  1.825"
"1184",2008,70,"  1.819"
"1185",2009,70,"  1.737"
"1186",2010,70,"  1.203"
"1187",2011,70,"  2.776"
"1188",2012,70,"  2.472"
"1189",2013,70,"  4.298"
"1190",NA,70,NA
"1191",NA,71,"Стерлитамак"
"1192",1999,71," 68.076"
"1193",2000,71," 61.201"
"1194",2001,71,"64.851"
"1195",2002,71," 63.735"
"1196",2003,71," 64.022"
"1197",2004,71," 54.667"
"1198",2005,71," 58.643"
"1199",2006,71," 62.372"
"1200",2007,71," 71.512"
"1201",2008,71," 71.546"
"1202",2009,71," 62.517"
"1203",2010,71," 59.649"
"1204",2011,71," 61.481"
"1205",2012,71," 57.388"
"1206",2013,71," 59.028"
"1207",NA,71,NA
"1208",NA,72,"г.Туймазы"
"1209",1999,72,"  5.112"
"1210",2000,72,"  5.467"
"1211",2001,72," 7.915"
"1212",2002,72,"  7.508"
"1213",2003,72,"  7.174"
"1214",2004,72,"  9.081"
"1215",2005,72,"  7.410"
"1216",2006,72,"  6.131"
"1217",2007,72,"  5.860"
"1218",2008,72,"  5.943"
"1219",2009,72,"  6.463"
"1220",2010,72,"  6.206"
"1221",2011,72,"  6.580"
"1222",2012,72,"  8.742"
"1223",2013,72,"  6.152"
"1224",NA,72,NA
"1225",NA,73,"Учалы"
"1226",1999,73,"  4.064"
"1227",2000,73,"  2.287"
"1228",2001,73," 1.829"
"1229",2002,73,"  1.781"
"1230",2003,73,"  1.990"
"1231",2004,73,"  1.780"
"1232",2005,73,"  1.810"
"1233",2006,73,"  1.864"
"1234",2007,73,"  1.673"
"1235",2008,73,"  1.487"
"1236",2009,73,"  1.381"
"1237",2010,73,"  1.769"
"1238",2011,73,"  1.729"
"1239",2012,73,"  2.327"
"1240",2013,73,"  2.899"
"1241",NA,73,NA
"1242",NA,74,"Янаул"
"1243",1999,74,"  0.192"
"1244",2000,74,"  0.189"
"1245",2001,74," 6.768"
"1246",2002,74,"  1.651"
"1247",2003,74,"  1.768"
"1248",2004,74,"  1.775"
"1249",2005,74,"  1.707"
"1250",2006,74,"  0.813"
"1251",2007,74,"  0.921"
"1252",2008,74,"  0.324"
"1253",2009,74,"  0.274"
"1254",2010,74,"  0.134"
"1255",2011,74,"  0.189"
"1256",2012,74,"  0.322"
"1257",2013,74,"  0.316"
"1258",NA,74,NA
"1259",NA,75," г. Межгорье                                                 "
"1260",1999,75,NA
"1261",2000,75,NA
"1262",2001,75,NA
"1263",2002,75,NA
"1264",2003,75,NA
"1265",2004,75,NA
"1266",2005,75,"  0.308"
"1267",2006,75,NA
"1268",2007,75,NA
"1269",2008,75,NA
"1270",2009,75,NA
"1271",2010,75,NA
"1272",2011,75,NA
"1273",2012,75,NA
"1274",2013,75,NA
"1275",NA,75,NA
